"place";"phase";"nom";"hackett_class";"index_id";"vasa_class";"t_building";"dinasty_gr";"amplada_general";"alcada_general";"overall_m2";"amplada_arena";"alcada_arena";"arena_m2";"amplada_cavea";"cavea_height";"cavea_m2";"nombre_places";"pais";"lat";"long";"elevation_m";"bib";"provincia_romana";"ratio_arena";"ratio_general";"superficie_arena";"superficie_general";"superficie_cavea";"perimetre_arena";"perimetre_general";"ratio_cavea"
"carmo";NA;"CARMO";"hispb#02";"#010";"hisbae#02";"amphitheater";"caesarean";108;98;NA;58.8;38.6;NA;NA;NA;7442;18605;"spain";"37469587";"-5650787";220;"2015_jimenez";"hispania_baetica";1.52331606217617;1.10204081632653;1782.60250349992;8312.65416139859;6530.05165789867;152.995562229823;323.584043319749;0.214444444444444
"carmo";NA;"CARMO";"hispb#02";"#010";"hisbae#02";"amphitheater";"caesarean";130;111;NA;58.8;38.6;NA;NA;NA;NA;NA;"spain";"37469587";"-5650787";220;"2014_gonzalez";"hispania_baetica";1.52331606217617;1.17117117117117;1782.60250349992;11333.2954978252;9550.69299432526;152.995562229823;378.56191475757;0.157288981288981
"carmo";NA;"CARMO";"hispb#02";"#010";"hisbae#02";"amphitheater";"caesarean";NA;NA;NA;58.8;39;NA;NA;NA;NA;NA;"spain";"37469587";"-5650787";220;"2014_gonzalez";"hispania_baetica";1.50769230769231;NA;1801.07506830303;NA;NA;153.623880760541;NA;NA
"carmo";NA;"CARMO";"hispb#02";"#010";"hisbae#02";"amphitheater";"caesarean";131.2;111.4;NA;58;39;NA;NA;NA;NA;NA;"spain";"37469587";"-5650787";220;"2014_golvin";"hispania_baetica";1.48717948717949;1.17773788150808;1776.57064560503;11479.1282288048;9702.55758319979;152.367243699105;381.075188880442;0.154765293164601
"carmo";NA;"CARMO";"hispb#02";"#010";"hisbae#02";"amphitheater";"caesarean";108;98;NA;58.8;38.6;NA;29.6;NA;NA;18350;"spain";"37469587";"-5650787";220;"2011_amphitheatrum_de";"hispania_baetica";1.52331606217617;1.10204081632653;1782.60250349992;8312.65416139859;6530.05165789867;152.995562229823;323.584043319749;0.214444444444444
"carmo";NA;"CARMO";"hispb#02";"#010";"hisbae#02";"amphitheater";"caesarean";108;98;NA;58;39;NA;29.6;NA;NA;18350;"spain";"37469587";"-5650787";220;"2011_amphitheatrum_de";"hispania_baetica";1.48717948717949;1.10204081632653;1776.57064560503;8312.65416139859;6536.08351579356;152.367243699105;323.584043319749;0.213718820861678
"carmo";NA;"CARMO";"hispb#02";"#010";"hisbae#02";"amphitheater";"caesarean";90;NA;NA;58;39;NA;NA;NA;NA;NA;"spain";"37469587";"-5650787";220;"2007_welch";"hispania_baetica";1.48717948717949;NA;1776.57064560503;NA;NA;152.367243699105;NA;NA
"carmo";NA;"CARMO";"hispb#02";"#010";"hisbae#02";"amphitheater";"caesarean";131;111;NA;58;39;NA;NA;NA;9644;NA;"spain";"37469587";"-5650787";220;"2016_stelius";"hispania_baetica";1.48717948717949;1.18018018018018;1776.57064560503;11420.4746939623;9643.90404835727;152.367243699105;380.132711084365;0.155560140292965
"carmo";NA;"CARMO";"hispb#02";"#010";"hisbae#02";"amphitheater";"caesarean";131.2;111.4;11479.12;NA;NA;1801.07;NA;NA;9678.05;31108;"spain";"37469587";"-5650787";220;"2019_hackett";"hispania_baetica";NA;1.17773788150808;NA;11479.1282288048;NA;NA;381.075188880442;NA
"carmo";NA;"CARMO";"hispb#02";"#010";"hisbae#02";"amphitheater";"caesarean";NA;NA;NA;NA;NA;NA;NA;NA;NA;8000;"spain";"37469587";"-5650787";220;"2016_sfsheath_com";"hispania_baetica";NA;NA;NA;NA;NA;NA;NA;NA
"carmo";NA;"CARMO";"hispb#02";"#010";"hisbae#02";"amphitheater";"caesarean";NA;NA;NA;55;39;NA;NA;NA;NA;NA;"spain";"37469587";"-5650787";220;"2020_wikipedia_es";"hispania_baetica";1.41025641025641;NA;1684.67906048753;NA;NA;147.65485471872;NA;NA
"ucubi";NA;"UCUBI";NA;"#011";"hisbae#10";"amphitheater";"undated";NA;NA;NA;35;NA;NA;NA;NA;NA;NA;"spain";NA;NA;NA;"2016_stelius";"hispania_baetica";NA;NA;NA;NA;NA;NA;NA;NA
"tomen_y_mur";NA;"TOMEN Y MUR";"brit#16";"#031";"brit#16";"amphitheater";"flavian";NA;NA;NA;37;32;NA;NA;NA;NA;NA;"wales";"52.931.893";"-39.235";294;"2009_sommer";"britania";1.15625;NA;929.911425462579;NA;NA;108.384946548848;NA;NA
"tomen_y_mur";NA;"TOMEN Y MUR";"brit#16";"#031";"brit#16";"amphitheater";"flavian";NA;NA;NA;32;26;NA;NA;NA;NA;NA;"wales";"52.931.893";"-39.235";294;"2008_wilmott";"britania";1.23076923076923;NA;653.451271946677;NA;NA;91.106186954104;NA;NA
"tomen_y_mur";NA;"TOMEN Y MUR";"brit#16";"#031";"brit#16";"amphitheater";"flavian";52;46;NA;35;28;NA;NA;NA;1109;NA;"wales";"52.931.893";"-39.235";294;"2016_stelius";"britania";1.25;1.1304347826087;769.690200129499;1878.6724068467;1108.9822067172;98.9601685880785;153.9380400259;0.409698996655518
"tomen_y_mur";NA;"TOMEN Y MUR";"brit#16";"#031";"brit#16";"amphitheater";"flavian";52;46;1878.67;NA;NA;871.79;NA;NA;1006.88;3236;"wales";"52.931.893";"-39.235";294;"2016_stelius";"britania";NA;1.1304347826087;NA;1878.6724068467;NA;NA;153.9380400259;NA
"tomen_y_mur";NA;"TOMEN Y MUR";"brit#16";"#031";"brit#16";"amphitheater";"flavian";NA;NA;NA;37;30;NA;NA;NA;NA;NA;"wales";"52.931.893";"-39.235";294;"2011_amphitheatrum_de";"britania";1.23333333333333;NA;871.791961371168;NA;NA;105.243353895258;NA;NA
"tomen_y_mur";NA;"TOMEN Y MUR";"brit#16";"#031";"brit#16";"amphitheater";"flavian";52;46;NA;35;28;NA;NA;NA;NA;2772;"wales";"52.931.893";"-39.235";294;"2016_sfsheath_com";"britania";1.25;1.1304347826087;769.690200129499;1878.6724068467;1108.9822067172;98.9601685880785;153.9380400259;0.409698996655518
"charterhouse_on_mendip";NA;"CHARTERHOUSE";"brit#05";"#032";"brit#05";"amphitheater";"claudian";70;61;NA;32;24.4;NA;NA;NA;NA;NA;"england";"51.305.437";"-2.720.301";294;"2011_amphitheatrum_de";"britania";1.31147540983607;1.14754098360656;613.238885980728;3353.6501577071;2740.41127172638;88.5929128312322;205.774318810131;0.182857142857143
"charterhouse_on_mendip";NA;"CHARTERHOUSE";"brit#05";"#032";"brit#05";"amphitheater";"claudian";50;39;NA;32;24;NA;NA;NA;NA;2179;"england";"51.305.437";"-2.720.301";294;"2016_sfsheath_com";"britania";1.33333333333333;1.28205128205128;603.18578948924;1531.52641862502;928.340629135784;87.9645943005142;139.800873084746;0.393846153846154
"charterhouse_on_mendip";NA;"CHARTERHOUSE";"brit#05";"#032";"brit#05";"amphitheater";"claudian";71.62;61;NA;32;24.38;NA;NA;NA;NA;NA;"england";"51.305.437";"-2.720.301";294;"2008_wilmott";"britania";1.31255127153404;1.17409836065574;612.736231156153;3431.26320421404;2818.52697305789;88.5614969046963;208.319008859539;0.178574535000298
"charterhouse_on_mendip";NA;"CHARTERHOUSE";"brit#05";"#032";"brit#05";"amphitheater";"claudian";71.62;61;3431.26;NA;NA;612.73;NA;NA;2818.53;9060;"england";"51.305.437";"-2.720.301";294;"2019_hackett";"britania";NA;1.17409836065574;NA;3431.26320421404;NA;NA;208.319008859539;NA
"charterhouse_on_mendip";NA;"CHARTERHOUSE";"brit#05";"#032";"brit#05";"amphitheater";"claudian";NA;NA;NA;32;24.4;NA;NA;NA;NA;NA;"england";"51.305.437";"-2.720.301";294;"2009_sommer";"britania";1.31147540983607;NA;613.238885980728;NA;NA;88.5929128312322;NA;NA
"charterhouse_on_mendip";NA;"CHARTERHOUSE";"brit#05";"#032";"brit#05";"amphitheater";"claudian";70;61;NA;32;24;NA;NA;NA;2750;NA;"england";"51.305.437";"-2.720.301";294;"2016_stelius";"britania";1.33333333333333;1.14754098360656;603.18578948924;3353.6501577071;2750.46436821786;87.9645943005142;205.774318810131;0.179859484777518
"corinium_dobunnorum";NA;"CORINIUM DOBUNNORUM";"brit#08";"#033";"brit#08";"amphitheater";"ulpio_aelian";89;81;NA;49;41;NA;NA;NA;NA;8000;"england";"5.171.151";"-1.972.188";118;"2008_wilmott";"britania";1.19512195121951;1.09876543209877;1577.86491026547;5661.9353599322;4084.07044966673;141.371669411541;267.035375555132;0.278679428492163
"corinium_dobunnorum";NA;"CORINIUM DOBUNNORUM";"brit#08";"#033";"brit#08";"amphitheater";"ulpio_aelian";NA;NA;NA;49;41;NA;NA;NA;NA;NA;"england";"5.171.151";"-1.972.188";118;"2011_amphitheatrum_de";"britania";1.19512195121951;NA;1577.86491026547;NA;NA;141.371669411541;NA;NA
"corinium_dobunnorum";NA;"CORINIUM DOBUNNORUM";"brit#08";"#033";"brit#08";"amphitheater";"ulpio_aelian";89;81;NA;49;41;NA;NA;NA;4048;NA;"england";"5.171.151";"-1.972.188";118;"2016_stelius";"britania";1.19512195121951;1.09876543209877;1577.86491026547;5661.9353599322;4084.07044966673;141.371669411541;267.035375555132;0.278679428492163
"corinium_dobunnorum";NA;"CORINIUM DOBUNNORUM";"brit#08";"#033";"brit#08";"amphitheater";"ulpio_aelian";89;81;5661.93;NA;NA;1577.86;NA;NA;4048.07;13127;"england";"5.171.151";"-1.972.188";118;"2019_hackett";"britania";NA;1.09876543209877;NA;5661.9353599322;NA;NA;267.035375555132;NA
"corinium_dobunnorum";NA;"CORINIUM DOBUNNORUM";"brit#08";"#033";"brit#08";"amphitheater";"ulpio_aelian";NA;NA;NA;48.5;41;NA;NA;NA;NA;NA;"england";"5.171.151";"-1.972.188";118;"2009_sommer";"britania";1.18292682926829;NA;1561.76424791583;NA;NA;140.586271248143;NA;NA
"durnovaria";NA;"DURNOVARIA";"brit#09";"#034";"brit#09";"amphitheater";"flavian";NA;66;49.5;NA;NA;NA;NA;NA;NA;NA;"england";"50.708.044";"-2.440.246";75;"2009_sommer";"britania";NA;NA;NA;NA;NA;NA;NA;NA
"durnovaria";NA;"DURNOVARIA";"brit#09";"#034";"brit#09";"amphitheater";"flavian";80;77;NA;58;47;NA;NA;NA;2697;NA;"england";"50.708.044";"-2.440.246";75;"2016_stelius";"britania";1.23404255319149;1.03896103896104;2140.99539342144;4838.05268652828;2697.05729310684;164.933614313464;246.615023306799;0.442532467532467
"durnovaria";NA;"DURNOVARIA";"brit#09";"#034";"brit#09";"amphitheater";"flavian";80;77;NA;58.2;48.6;NA;NA;NA;NA;NA;"england";"50.708.044";"-2.440.246";75;"2008_wilmott";"britania";1.19753086419753;1.03896103896104;2221.51441313295;4838.05268652828;2616.53827339533;167.761047701695;246.615023306799;0.459175324675325
"durnovaria";NA;"DURNOVARIA";"brit#09";"#034";"brit#09";"amphitheater";"flavian";88;77;5321.85;NA;NA;2221.51;NA;NA;3100.34;9965;"england";"50.708.044";"-2.440.246";75;"2019_hackett";"britania";NA;1.14285714285714;NA;5321.85795518111;NA;NA;259.181393921158;NA
"durnovaria";NA;"DURNOVARIA";"brit#09";"#034";"brit#09";"amphitheater";"flavian";80;77;NA;58;47;NA;NA;NA;NA;NA;"england";"50.708.044";"-2.440.246";75;"2016_sfsheath_com";"britania";1.23404255319149;1.03896103896104;2140.99539342144;4838.05268652828;2697.05729310684;164.933614313464;246.615023306799;0.442532467532467
"durnovaria";NA;"DURNOVARIA";"brit#09";"#034";"brit#09";"amphitheater";"flavian";NA;NA;NA;58.2;48.6;NA;NA;NA;NA;NA;"england";"50.708.044";"-2.440.246";75;"2011_amphitheatrum_de";"britania";1.19753086419753;NA;2221.51441313295;NA;NA;167.761047701695;NA;NA
"noviomagus_regnensium";NA;"NOVIOMAGUS REGNENSIUM";"brit#07";"#035";"brit#07";"amphitheater";"flavian";70;60;NA;NA;NA;NA;NA;NA;NA;NA;"england";"50.835.394";"-0.771186";13;"2016_sfsheath_com";"britania";NA;1.16666666666667;NA;3298.67228626928;NA;NA;204.203522483337;NA
"noviomagus_regnensium";NA;"NOVIOMAGUS REGNENSIUM";"brit#07";"#035";"brit#07";"amphitheater";"flavian";NA;NA;NA;56.3;45.72;NA;NA;NA;NA;NA;"england";"50.835.394";"-0.771186";13;"2011_amphitheatrum_de";"britania";1.23140857392826;NA;2021.64314691891;NA;NA;160.252641259615;NA;NA
"noviomagus_regnensium";NA;"NOVIOMAGUS REGNENSIUM";"brit#07";"#035";"brit#07";"amphitheater";"flavian";NA;NA;NA;56.3;45.72;NA;NA;NA;NA;NA;"england";"50.835.394";"-0.771186";13;"2008_wilmott";"britania";1.23140857392826;NA;2021.64314691891;NA;NA;160.252641259615;NA;NA
"noviomagus_regnensium";NA;"NOVIOMAGUS REGNENSIUM";"brit#07";"#035";"brit#07";"amphitheater";"flavian";70;58;3188.71;NA;NA;2021.64;NA;NA;1167.07;3751;"england";"50.835.394";"-0.771186";13;"2019_hackett";"britania";NA;1.20689655172414;NA;3188.71654339364;NA;NA;201.061929829747;NA
"noviomagus_regnensium";NA;"NOVIOMAGUS REGNENSIUM";"brit#07";"#035";"brit#07";"amphitheater";"flavian";80;77;NA;58;47;NA;NA;NA;2697;NA;"england";"50.835.394";"-0.771186";13;"2016_stelius";"britania";1.23404255319149;1.03896103896104;2140.99539342144;4838.05268652828;2697.05729310684;164.933614313464;246.615023306799;0.442532467532467
"moridunum_demetarum";NA;"MORIDUNUM DEMETARUM";"brit#04";"#036";"brit#04";"amphitheater";"late_1st";91;67;4788.57;NA;NA;1178.09;NA;NA;3610.48;11605;"wales";"51.862.005";"-4.296.651";27;"2019_hackett";"britania";NA;1.35820895522388;NA;4788.57260223424;NA;NA;248.185819633594;NA
"moridunum_demetarum";NA;"MORIDUNUM DEMETARUM";"brit#04";"#036";"brit#04";"amphitheater";"late_1st";91;67;NA;50;30;NA;NA;NA;NA;NA;"wales";"51.862.005";"-4.296.651";27;"2008_wilmott";"britania";1.66666666666667;1.35820895522388;1178.09724509617;4788.57260223424;3610.47535713807;125.663706143592;248.185819633594;0.246022634082336
"moridunum_demetarum";NA;"MORIDUNUM DEMETARUM";"brit#04";"#036";"brit#04";"amphitheater";"late_1st";NA;NA;NA;24.5;16.5;NA;NA;NA;NA;NA;"wales";"51.862.005";"-4.296.651";27;"2011_amphitheatrum_de";"britania";1.48484848484848;NA;317.497207553418;NA;NA;64.4026493985908;NA;NA
"moridunum_demetarum";NA;"MORIDUNUM DEMETARUM";"brit#04";"#036";"brit#04";"amphitheater";"late_1st";92;67;NA;46;27;NA;NA;NA;NA;NA;"wales";"51.862.005";"-4.296.651";27;"2019_perseus_edu";"britania";1.7037037037037;1.37313432835821;975.464518939631;4841.19427918187;3865.72976024224;114.668131856027;249.756615960389;0.201492537313433
"calleva_atrebatum";"phs_i";"CALLEVA ATREBATUM";"brit#15";"#040";"brit#13";"amphitheater";"late_1st";55;54;NA;43;42;NA;NA;NA;914;NA;"england";"51.358.881";"-107.547";90;"2016_stelius";"britania";1.02380952380952;1.01851851851852;1418.42908309579;2332.63254529042;914.20346219463;133.517687777566;171.216799620644;0.608080808080808
"calleva_atrebatum";"phs_i";"CALLEVA ATREBATUM";"brit#15";"#040";"brits#13";"amphitheater";"late_1st";NA;NA;NA;43;42.2;NA;NA;NA;NA;3000;"england";"51.358.881";"-107.547";90;"2008_wilmott";"britania";1.01895734597156;NA;1425.18350730101;NA;NA;133.831847042925;NA;NA
"calleva_atrebatum";"phs_i";"CALLEVA ATREBATUM";"brit#15";"#040";"brit#13";"amphitheater";"late_1st";NA;NA;NA;43;42.2;NA;NA;NA;NA;3000;"england";"51.358.881";"-107.547";90;"2011_amphitheatrum_de";"britania";1.01895734597156;NA;1425.18350730101;NA;NA;133.831847042925;NA;NA
"calleva_atrebatum";"phs_ii";"CALLEVA ATREBATUM";"brit#15";"#040";"brit#13";"amphitheater";"2nd_century";NA;NA;NA;44.4;37.5;NA;NA;NA;NA;3000;"england";"51.358.881";"-107.547";90;"2008_wilmott";"britania";1.184;NA;1307.68794205675;NA;NA;128.648219164502;NA;NA
"calleva_atrebatum";"phs_ii";"CALLEVA ATREBATUM";"brit#15";"#040";"brit#13";"amphitheater";"2nd_century";NA;NA;NA;44.4;37.5;NA;NA;NA;NA;3000;"england";"51.358.881";"-107.547";90;"2011_amphitheatrum_de";"britania";1.184;NA;1307.68794205675;NA;NA;128.648219164502;NA;NA
"calleva_atrebatum";"phs_iii";"CALLEVA ATREBATUM";"brit#15";"#040";"brit#13";"amphitheater";"3rd_century";NA;NA;NA;45.5;39.2;NA;NA;NA;NA;3000;"england";"51.358.881";"-107.547";90;"2008_wilmott";"britania";1.16071428571429;NA;1400.83616423569;NA;NA;133.046448879528;NA;NA
"calleva_atrebatum";"phs_iii";"CALLEVA ATREBATUM";"brit#15";"#040";"brit#13";"amphitheater";"3rd_century";NA;NA;NA;45.5;39.2;NA;NA;NA;NA;3000;"england";"51.358.881";"-107.547";90;"2011_amphitheatrum_de";"britania";1.16071428571429;NA;1400.83616423569;NA;NA;133.046448879528;NA;NA
"calleva_atrebatum";"phs_iii";"CALLEVA ATREBATUM";"brit#15";"#040";"brit#13";"amphitheater";"3rd_century";80;70;NA;49;40;NA;NA;NA;NA;7147;"england";"51.358.881";"-107.547";90;"2016_sfsheath_com";"britania";1.225;1.14285714285714;1539.380400259;4398.22971502571;2858.84931476671;139.800873084746;235.619449019234;0.35
"isurium_brigantium";NA;"ISURIUM BRIGANTIUM";NA;"#049";"brit#17";"amphitheater";"principate";NA;NA;NA;NA;NA;NA;NA;NA;NA;NA;"england";"54.089.722";"1.382.222";41;"2016_sfsheath_com";"britania";NA;NA;NA;NA;NA;NA;NA;NA
"augusta_emerita";NA;"AUGUSTA EMERITA";"hispl#01";"#077";"hislus#01";"amphitheater";"julio_claudian";126.3;102.65;NA;64.5;41.15;NA;NA;NA;NA;NA;"spain";"38916168";"-6337952";222;"2002_garrido";"hispania_lusitania";1.56743620899149;1.23039454456892;2084.58417033542;10182.4476420081;8097.86347167266;165.954631925881;359.633819019692;0.204723288901127
"augusta_emerita";NA;"AUGUSTA EMERITA";"hispl#01";"#077";"hislus#01";"amphitheater";"julio_claudian";126.3;102.6;NA;64.5;51.5;NA;NA;NA;NA;NA;"spain";"38916168";"-6337952";222;"2002_golvin";"hispania_lusitania";1.25242718446602;1.23099415204678;2608.89634926547;10177.4878526062;7568.59150334075;182.212373908208;359.555279203352;0.256339912859478
"augusta_emerita";NA;"AUGUSTA EMERITA";"hispl#01";"#077";"hislus#01";"amphitheater";"julio_claudian";126.3;102.7;NA;NA;NA;NA;NA;NA;NA;NA;"spain";"38916168";"-6337952";222;"1981_benario";"hispania_lusitania";NA;1.22979552093476;NA;10187.4074314099;NA;NA;359.712358836031;NA
"augusta_emerita";NA;"AUGUSTA EMERITA";"hispl#01";"#077";"hislus#01";"amphitheater";"julio_claudian";126;103;NA;65;41;NA;NA;NA;8100;NA;"spain";"38916168";"-6337952";222;"2016_stelius";"hispania_lusitania";1.58536585365854;1.22330097087379;2093.0861054542;10192.8973645721;8099.81125911788;166.504410640259;359.712358836031;0.205347511172754
"augusta_emerita";NA;"AUGUSTA EMERITA";"hispl#01";"#077";"hislus#01";"amphitheater";"julio_claudian";NA;NA;NA;NA;NA;NA;NA;NA;NA;15000;"spain";"38916168";"-6337952";222;"2003_ceballos";"hispania_lusitania";NA;NA;NA;NA;NA;NA;NA;NA
"augusta_emerita";NA;"AUGUSTA EMERITA";"hispl#01";"#077";"hislus#01";"amphitheater";"julio_claudian";NA;NA;NA;NA;NA;NA;NA;NA;NA;20000;"spain";"38916168";"-6337952";222;"2003_ceballos";"hispania_lusitania";NA;NA;NA;NA;NA;NA;NA;NA
"augusta_emerita";NA;"AUGUSTA EMERITA";"hispl#01";"#077";"hislus#01";"amphitheater";"julio_claudian";NA;NA;NA;64.5;41.2;NA;NA;NA;NA;NA;"spain";"38916168";"-6337952";222;"2007_duran";"hispania_lusitania";1.56553398058252;NA;2087.11707941238;NA;NA;166.033171742221;NA;NA
"augusta_emerita";NA;"AUGUSTA EMERITA";"hispl#01";"#077";"hislus#01";"amphitheater";"julio_claudian";126.3;102.6;10177.4;NA;NA;2087.11;NA;NA;8090.29;26005;"spain";"38916168";"-6337952";222;"2019_hackett";"hispania_lusitania";NA;1.23099415204678;NA;10177.4878526062;NA;NA;359.555279203352;NA
"augusta_emerita";NA;"AUGUSTA EMERITA";"hispl#01";"#077";"hislus#01";"amphitheater";"julio_claudian";126;102;NA;64;41;NA;NA;NA;NA;15000;"spain";"38916168";"-6337952";222;"2016_sfsheath_com";"hispania_lusitania";1.5609756097561;1.23529411764706;2060.8847807549;10093.937195984;8033.0524152291;164.933614313464;358.141562509236;0.204170557111734
"augusta_emerita";NA;"AUGUSTA EMERITA";"hispl#01";"#077";"hislus#01";"amphitheater";"julio_claudian";126.3;102.65;NA;64.5;41.14;NA;NA;NA;NA;NA;"spain";"38916168";"-6337952";222;"1981_honle";"hispania_lusitania";1.56781720952844;1.23039454456892;2084.07758852003;10182.4476420081;8098.37005348805;165.938923962613;359.633819019692;0.204673538405647
"augusta_emerita";NA;"AUGUSTA EMERITA";"hispl#01";"#077";"hislus#01";"amphitheater";"julio_claudian";126;102;NA;64;41;NA;NA;NA;NA;14000;"spain";"38916168";"-6337952";222;"2020_wikipedia_es";"hispania_lusitania";1.5609756097561;1.23529411764706;2060.8847807549;10093.937195984;8033.0524152291;164.933614313464;358.141562509236;0.204170557111734
"segobriga";NA;"SEGOBRIGA";"hispt#07";"#088";"histar#07";"amphitheater";"flavian";74;66.2;NA;41.7;34;NA;18;NA;3364;NA;"spain";"39.886.018";"-2.813.944";815;"2002_garrido";"hispania_tarraconensis";1.22647058823529;1.1178247734139;1113.5375160649;3847.50852285142;2733.97100678652;118.909281938374;220.225645016644;0.289417816608149
"segobriga";NA;"SEGOBRIGA";"hispt#07";"#088";"histar#07";"amphitheater";"flavian";74;66.2;NA;41.7;34;NA;19;NA;3364;NA;"spain";"39.886.018";"-2.813.944";815;"2002_garrido";"hispania_tarraconensis";1.22647058823529;1.1178247734139;1113.5375160649;3847.50852285142;2733.97100678652;118.909281938374;220.225645016644;0.289417816608149
"segobriga";NA;"SEGOBRIGA";"hispt#07";"#088";"histar#07";"amphitheater";"flavian";75;69;NA;41;34;NA;NA;NA;2970;NA;"spain";"39.886.018";"-2.813.944";815;"2016_stelius";"hispania_tarraconensis";1.20588235294118;1.08695652173913;1094.84503977604;4064.43549558179;2969.59045580575;117.809724509617;226.194671058465;0.269371980676329
"segobriga";NA;"SEGOBRIGA";"hispt#07";"#088";"histar#07";"amphitheater";"flavian";NA;NA;NA;NA;NA;NA;NA;NA;NA;5000;"spain";"39.886.018";"-2.813.944";815;"2003_ceballos";"hispania_tarraconensis";NA;NA;NA;NA;NA;NA;NA;NA
"segobriga";NA;"SEGOBRIGA";"hispt#07";"#088";"histar#07";"amphitheater";"flavian";NA;NA;NA;NA;NA;NA;NA;NA;NA;7000;"spain";"39.886.018";"-2.813.944";815;"2003_ceballos";"hispania_tarraconensis";NA;NA;NA;NA;NA;NA;NA;NA
"segobriga";NA;"SEGOBRIGA";"hispt#07";"#088";"histar#07";"amphitheater";"flavian";75;68.5;4034.98;NA;NA;1081.49;NA;NA;2953.49;9493;"spain";"39.886.018";"-2.813.944";815;"2019_hackett";"hispania_tarraconensis";NA;1.09489051094891;NA;4034.98306445439;NA;NA;225.409272895068;NA
"segobriga";NA;"SEGOBRIGA";"hispt#07";"#088";"histar#07";"amphitheater";"flavian";75;64;NA;47;31;NA;NA;NA;NA;7500;"spain";"39.886.018";"-2.813.944";815;"2016_sfsheath_com";"hispania_tarraconensis";1.51612903225806;1.171875;1144.32512407008;3769.91118430775;2625.58606023767;122.522113490002;218.340689424491;0.303541666666667
"segobriga";NA;"SEGOBRIGA";"hispt#07";"#088";"histar#07";"amphitheater";"flavian";75;NA;NA;40;34;NA;NA;NA;NA;5500;"spain";"39.886.018";"-2.813.944";815;"2020_wikipedia_es";"hispania_tarraconensis";1.17647058823529;NA;1068.14150222053;NA;NA;116.238928182822;NA;NA
"emporiae";NA;"EMPORIAE";"hispt#05";"#093";"histar#05";"amphitheater";"julio_claudian";93;44.1;NA;NA;NA;NA;NA;NA;NA;3600;"spain";"42.130.042";"3.117.431";27;"2011_amphitheatrum_de";"hispania_tarraconensis";NA;2.10884353741497;NA;3221.15348754195;NA;NA;215.35617640358;NA
"emporiae";NA;"EMPORIAE";"hispt#05";"#093";"histar#05";"amphitheater";"julio_claudian";93;44.1;NA;NA;NA;NA;NA;NA;NA;4200;"spain";"42.130.042";"3.117.431";27;"2011_amphitheatrum_de";"hispania_tarraconensis";NA;2.10884353741497;NA;3221.15348754195;NA;NA;215.35617640358;NA
"emporiae";NA;"EMPORIAE";"hispt#05";"#093";"histar#05";"amphitheater";"julio_claudian";88;56;NA;75;43;NA;NA;NA;1338;NA;"spain";"42.130.042";"3.117.431";27;"2016_stelius";"hispania_tarraconensis";1.74418604651163;1.57142857142857;2532.90907695677;3870.44214922263;1337.53307226585;185.353966561798;226.194671058465;0.654423701298701
"emporiae";NA;"EMPORIAE";"hispt#05";"#093";"histar#05";"amphitheater";"julio_claudian";NA;NA;NA;NA;NA;NA;NA;NA;NA;3000;"spain";"42.130.042";"3.117.431";27;"2003_ceballos";"hispania_tarraconensis";NA;NA;NA;NA;NA;NA;NA;NA
"emporiae";NA;"EMPORIAE";"hispt#05";"#093";"histar#05";"amphitheater";"julio_claudian";NA;NA;NA;NA;NA;NA;NA;NA;NA;3500;"spain";"42.130.042";"3.117.431";27;"2003_ceballos";"hispania_tarraconensis";NA;NA;NA;NA;NA;NA;NA;NA
"emporiae";NA;"EMPORIAE";"hispt#05";"#093";"histar#05";"amphitheater";"julio_claudian";88;56;3870.44;NA;NA;2532.9;NA;NA;1337.54;4299;"spain";"42.130.042";"3.117.431";27;"2019_hackett";"hispania_tarraconensis";NA;1.57142857142857;NA;3870.44214922263;NA;NA;226.194671058465;NA
"emporiae";NA;"EMPORIAE";"hispt#05";"#093";"histar#05";"amphitheater";"julio_claudian";86;54;NA;71;42;NA;NA;NA;NA;3343;"spain";"42.130.042";"3.117.431";27;"2016_sfsheath_com";"hispania_tarraconensis";1.69047619047619;1.59259259259259;2342.05732325119;3647.38907081775;1305.33174756656;177.499984927823;219.911485751286;0.642118863049096
"conimbriga";NA;"CONIMBRIGA";"hispl#04";"#101";"hislus#04";"amphitheater";"julio_claudian";98;86;NA;48;36;NA;NA;NA;NA;NA;"portugal";"40100352";"-8496082";105;"2002_garrido";"hispania_lusitania";1.33333333333333;1.13953488372093;1357.16802635079;6619.33572111369;5262.1676947629;131.946891450771;289.026524130261;0.205030849549122
"conimbriga";NA;"CONIMBRIGA";"hispl#04";"#101";"hislus#04";"amphitheater";"julio_claudian";94;80;NA;54;40;NA;NA;NA;4210;NA;"portugal";"40100352";"-8496082";105;"2016_stelius";"hispania_lusitania";1.35;1.175;1696.46003293849;5906.19418874881;4209.73415581032;147.65485471872;273.318560862312;0.287234042553191
"conimbriga";NA;"CONIMBRIGA";"hispl#04";"#101";"hislus#04";"amphitheater";"julio_claudian";NA;NA;NA;NA;NA;NA;NA;NA;NA;4000;"portugal";"40100352";"-8496082";105;"2003_ceballos";"hispania_lusitania";NA;NA;NA;NA;NA;NA;NA;NA
"conimbriga";NA;"CONIMBRIGA";"hispl#04";"#101";"hislus#04";"amphitheater";"julio_claudian";94;80;5906.19;NA;NA;1696.46;NA;NA;4209.73;5750;"portugal";"40100352";"-8496082";105;"2019_hackett";"hispania_lusitania";NA;1.175;NA;5906.19418874881;NA;NA;273.318560862312;NA
"conimbriga";NA;"CONIMBRIGA";"hispl#04";"#101";"hislus#04";"amphitheater";"julio_claudian";94;80;NA;54;40;NA;NA;NA;NA;4000;"portugal";"40100352";"-8496082";105;"2016_sfsheath_com";"hispania_lusitania";1.35;1.175;1696.46003293849;5906.19418874881;4209.73415581032;147.65485471872;273.318560862312;0.287234042553191
"conimbriga";NA;"CONIMBRIGA";"hispl#04";"#101";"hislus#04";"amphitheater";"julio_claudian";98;86;NA;NA;NA;NA;NA;NA;NA;NA;"portugal";"40100352";"-8496082";99;"2020_wikipedia_pt";"hispania_lusitania";NA;1.13953488372093;NA;6619.33572111369;NA;NA;289.026524130261;NA
"deva_victrix";"phs_ii";"DEVA 2";"brit#06";"#107";"brit#06";"amphitheater";"late_3rd";98;87;NA;57;48;NA;NA;NA;4547;NA;"england";"53.189.079";"-2.886.928";21;"2016_stelius";"britania";1.1875;1.1264367816092;2148.84937505542;6696.30474112664;4547.45536607123;164.933614313464;290.597320457056;0.320900774102745
"deva_victrix";"phs_ii";"DEVA 2";"brit#06";"#107";"brit#06";"amphitheater";"late_3rd";95.5;86.6;NA;56.7;48.3;NA;NA;NA;NA;NA;"england";"53.189.079";"-2.886.928";21;"2016_sfsheath_com";"britania";1.17391304347826;1.10277136258661;2150.89926426189;6495.47843074592;4344.57916648403;164.933614313464;286.042011109351;0.331137927281961
"isca_silurum";NA;"ISCA SILURUM";"brit#01";"#108";"brit#01";"amphitheater";"flavian";NA;NA;NA;56.1;41.6;NA;NA;NA;NA;NA;"wales";"516.080.589";"-2.956.878";10;"2009_sommer";"britania";1.34855769230769;NA;1832.93081781043;NA;NA;153.466801127861;NA;NA
"isca_silurum";NA;"ISCA SILURUM";"brit#01";"#108";"brit#01";"amphitheater";"flavian";NA;NA;NA;43.5;36.3;NA;NA;NA;NA;NA;"wales";"516.080.589";"-2.956.878";10;"2008_wilmott";"britania";1.19834710743802;NA;1240.18296991274;NA;NA;125.349546878233;NA;NA
"isca_silurum";NA;"ISCA SILURUM";"brit#01";"#108";"brit#01";"amphitheater";"flavian";80;67;NA;55;41;NA;NA;NA;2439;NA;"wales";"516.080.589";"-2.956.878";10;"2016_stelius";"britania";1.34146341463415;1.19402985074627;1771.07285846125;4209.73415581032;2438.66129734908;150.79644737231;230.90706003885;0.420708955223881
"isca_silurum";NA;"ISCA SILURUM";"brit#01";"#108";"brit#01";"amphitheater";"flavian";81.38;67.67;4189.83;NA;NA;1832.27;NA;NA;2357.56;7578;"wales";"516.080.589";"-2.956.878";10;"2019_hackett";"britania";NA;1.20260085710064;NA;4325.17559069803;NA;NA;234.127192508779;NA
"isca_silurum";NA;"ISCA SILURUM";"brit#01";"#108";"brit#01";"amphitheater";"flavian";80;63;NA;NA;NA;NA;NA;NA;NA;NA;"wales";"516.080.589";"-2.956.878";10;"2005_encina";"britania";NA;1.26984126984127;NA;3958.40674352314;NA;NA;224.62387473167;NA
"isca_silurum";NA;"ISCA SILURUM";"brit#01";"#108";"brit#01";"amphitheater";"flavian";81.38;67.67;NA;56.08;41.6;NA;NA;NA;NA;NA;"wales";"516.080.589";"-2.956.878";10;"2011_amphitheatrum_de";"britania";1.34807692307692;1.20260085710064;1832.27736653848;4325.17559069803;2492.89822415955;153.435385201326;234.127192508779;0.423630747033504
"isca_silurum";NA;"ISCA SILURUM";"brit#01";"#108";"brit#01";"amphitheater";"flavian";80;66;NA;55;41;NA;NA;NA;NA;NA;"wales";"516.080.589";"-2.956.878";10;"2016_sfsheath_com";"britania";1.34146341463415;1.21212121212121;1771.07285846125;4146.90230273853;2375.82944427728;150.79644737231;229.336263712055;0.427083333333333
"venta_silurum";NA;"VENTA SILURUM";"brit#02";"#128";"brit#02";"amphitheater";"flavian";63;53;NA;44;35;NA;NA;NA;1413;NA;"wales";"51.612.173";"-2.766.307";26;"2016_stelius";"britania";1.25714285714286;1.18867924528302;1209.51317163207;2622.44446758408;1412.93129595201;124.092909816797;182.212373908208;0.461215932914046
"venta_silurum";NA;"VENTA SILURUM";"brit#02";"#128";"brit#02";"amphitheater";"flavian";63;53;2622.44;NA;NA;1209.51;NA;NA;1412.93;4542;"wales";"51.612.173";"-2.766.307";26;"2019_hackett";"britania";NA;1.18867924528302;NA;2622.44446758408;NA;NA;182.212373908208;NA
"venta_silurum";NA;"VENTA SILURUM";"brit#02";"#128";"brit#02";"amphitheater";"flavian";NA;NA;NA;43.5;36;NA;NA;NA;NA;NA;"wales";"51.612.173";"-2.766.307";26;"2008_wilmott";"britania";1.20833333333333;NA;1229.9335238804;NA;NA;124.878307980194;NA;NA
"venta_silurum";NA;"VENTA SILURUM";"brit#02";"#128";"brit#02";"amphitheater";"flavian";63;53;NA;44;35;NA;NA;NA;NA;NA;"wales";"51.612.173";"-2.766.307";26;"2016_sfsheath_com";"britania";1.25714285714286;1.18867924528302;1209.51317163207;2622.44446758408;1412.93129595201;124.092909816797;182.212373908208;0.461215932914046
"tarraco";NA;"TARRACO";"hispt#09";"#139";"histar#09";"amphitheater";"2nd_century";130;102;NA;62;38;NA;NA;NA;NA;14000;"spain";"41.114.522";"125.878";12;"2011_amphitheatrum_de";"hispania_tarraconensis";1.63157894736842;1.27450980392157;1850.39807296439;10414.3796466502;8563.98157368578;157.07963267949;364.424747816416;0.177677224736048
"tarraco";NA;"TARRACO";"hispt#09";"#139";"histar#09";"amphitheater";"2nd_century";130;102;NA;62;38;NA;NA;NA;NA;15000;"spain";"41.114.522";"125.878";12;"2011_amphitheatrum_de";"hispania_tarraconensis";1.63157894736842;1.27450980392157;1850.39807296439;10414.3796466502;8563.98157368578;157.07963267949;364.424747816416;0.177677224736048
"tarraco";NA;"TARRACO";"hispt#09";"#139";"histar#09";"amphitheater";"2nd_century";109.5;86.5;NA;61.5;38.5;NA;NA;NA;NA;NA;"spain";"41.114.522";"125.878";12;"2002_garrido";"hispania_tarraconensis";1.5974025974026;1.26589595375723;1859.62650138431;7439.09505415978;5579.46855277547;157.07963267949;307.8760800518;0.24998020429171
"tarraco";NA;"TARRACO";"hispt#09";"#139";"histar#09";"amphitheater";"2nd_century";148.1;118.9;NA;84.5;55.2;NA;NA;NA;NA;NA;"spain";"41.114.522";"125.878";12;"1981_benario";"hispania_tarraconensis";1.53079710144928;1.24558452481077;3663.41119335106;13830.1469451004;10166.7357517493;219.440246853247;419.402619254237;0.264885919715329
"tarraco";NA;"TARRACO";"hispt#09";"#139";"histar#09";"amphitheater";"2nd_century";148;119;NA;84;55;NA;NA;NA;10204;NA;"spain";"41.114.522";"125.878";12;"2016_stelius";"hispania_tarraconensis";1.52727272727273;1.2436974789916;3628.53951489621;13832.4324537559;10203.8929388596;218.340689424491;419.402619254237;0.262321144674086
"tarraco";NA;"TARRACO";"hispt#09";"#139";"histar#09";"amphitheater";"2nd_century";NA;NA;NA;NA;NA;NA;NA;NA;NA;12000;"spain";"41.114.522";"125.878";12;"2003_ceballos";"hispania_tarraconensis";NA;NA;NA;NA;NA;NA;NA;NA
"tarraco";NA;"TARRACO";"hispt#09";"#139";"histar#09";"amphitheater";"2nd_century";NA;NA;NA;NA;NA;NA;NA;NA;NA;14000;"spain";"41.114.522";"125.878";12;"2003_ceballos";"hispania_tarraconensis";NA;NA;NA;NA;NA;NA;NA;NA
"tarraco";NA;"TARRACO";"hispt#09";"#139";"histar#09";"amphitheater";"2nd_century";148.1;118.9;13830.14;NA;NA;3659.07;NA;NA;10171.07;32693;"spain";"41.114.522";"125.878";12;"2019_hackett";"hispania_tarraconensis";NA;1.24558452481077;NA;13830.1469451004;NA;NA;419.402619254237;NA
"tarraco";NA;"TARRACO";"hispt#09";"#139";"histar#09";"amphitheater";"2nd_century";95;69.5;NA;62;39;NA;NA;NA;NA;15000;"spain";"41.114.522";"125.878";12;"2016_sfsheath_com";"hispania_tarraconensis";1.58974358974359;1.36690647482014;1899.09275909503;5185.59137383165;3286.49861473662;158.650429006285;258.39599575776;0.366224914804998
"tarraco";NA;"TARRACO";"hispt#09";"#139";"histar#09";"amphitheater";"2nd_century";130;102;NA;NA;NA;NA;NA;NA;NA;12000;"spain";"41.114.522";"125.878";12;"2020_wikipedia_cat";"hispania_tarraconensis";NA;1.27450980392157;NA;10414.3796466502;NA;NA;364.424747816416;NA
"italica";NA;"ITALICA";"hispb#06";"#175";"hisbae#06";"amphitheater";"hadrianic";156.5;134;NA;NA;NA;NA;NA;NA;NA;34310;"spain";"37443893";"-6046742";6;"2015_golvin";"hispania_baetica";NA;1.16791044776119;NA;16470.5848846079;NA;NA;456.316332933917;NA
"italica";NA;"ITALICA";"hispb#06";"#175";"hisbae#06";"amphitheater";"hadrianic";153;128.5;NA;NA;NA;NA;NA;NA;NA;NA;"spain";"37443893";"-6046742";6;"2015_jones";"hispania_baetica";NA;1.19066147859922;NA;15441.3205914755;NA;NA;442.179165992763;NA
"italica";NA;"ITALICA";"hispb#06";"#175";"hisbae#06";"amphitheater";"hadrianic";152.35;127.7;NA;NA;NA;NA;NA;NA;NA;32045;"spain";"37443893";"-6046742";6;"2015_jimenez";"hispania_baetica";NA;1.1930305403289;NA;15279.9958817229;NA;NA;439.901511318911;NA
"italica";NA;"ITALICA";"hispb#06";"#175";"hisbae#06";"amphitheater";"hadrianic";152.8;130.6;NA;70.6;47.3;NA;NA;NA;NA;NA;"spain";"37443893";"-6046742";6;"2002_garrido";"hispania_baetica";1.49260042283298;1.16998468606432;2622.74291888617;15673.1544213472;13050.411502461;185.196886929118;445.163679013674;0.167339825052316
"italica";NA;"ITALICA";"hispb#06";"#175";"hisbae#06";"amphitheater";"hadrianic";156;134;NA;71.2;46.2;NA;NA;NA;NA;NA;"spain";"37443893";"-6046742";6;"1981_benario";"hispania_baetica";1.54112554112554;1.16417910447761;2583.5201346061;16417.9632076603;13834.4430730542;184.411488765721;455.53093477052;0.15735935706085
"italica";NA;"ITALICA";"hispb#06";"#175";"hisbae#06";"amphitheater";"hadrianic";157;134;NA;72;49;NA;NA;NA;13752;NA;"spain";"37443893";"-6046742";6;"2016_stelius";"hispania_baetica";1.46938775510204;1.17164179104478;2770.8847204662;16523.2065615555;13752.3218410893;190.066355542182;457.101731097315;0.167696549101626
"italica";NA;"ITALICA";"hispb#06";"#175";"hisbae#06";"amphitheater";"hadrianic";NA;NA;NA;NA;NA;NA;NA;NA;NA;20000;"spain";"37443893";"-6046742";6;"2003_ceballos";"hispania_baetica";NA;NA;NA;NA;NA;NA;NA;NA
"italica";NA;"ITALICA";"hispb#06";"#175";"hisbae#06";"amphitheater";"hadrianic";NA;NA;NA;NA;NA;NA;NA;NA;NA;35000;"spain";"37443893";"-6046742";6;"2003_ceballos";"hispania_baetica";NA;NA;NA;NA;NA;NA;NA;NA
"italica";NA;"ITALICA";"hispb#06";"#175";"hisbae#06";"amphitheater";"hadrianic";156.5;134;16470.58;NA;NA;2751.64;NA;NA;13718.94;44097;"spain";"37443893";"-6046742";6;"2019_hackett";"hispania_baetica";NA;1.16791044776119;NA;16470.5848846079;NA;NA;456.316332933917;NA
"italica";NA;"ITALICA";"hispb#06";"#175";"hisbae#06";"amphitheater";"hadrianic";160;136;NA;70;44;NA;NA;NA;NA;25000;"spain";"37443893";"-6046742";6;"2016_sfsheath_com";"hispania_baetica";1.59090909090909;1.17647058823529;2419.02634326414;17090.2640355285;14671.2376922643;179.070781254618;464.955712731289;0.141544117647059
"italica";NA;"ITALICA";"hispb#06";"#175";"hisbae#06";"amphitheater";"hadrianic";160;137;NA;NA;NA;NA;NA;NA;NA;25000;"spain";"37443893";"-6046742";6;"2020_wikipedia_es";"hispania_baetica";NA;1.16788321167883;NA;17215.9277416721;NA;NA;466.526509058084;NA
"italica";NA;"ITALICA";"hispb#06";"#175";"hisbae#06";"amphitheater";"hadrianic";156;134;NA;NA;NA;NA;NA;NA;NA;25000;"spain";"37443893";"-6046742";6;"2020_wikipedia_es";"hispania_baetica";NA;1.16417910447761;NA;16417.9632076603;NA;NA;455.53093477052;NA
"astigi";NA;"ASTIGI";"hispb#01";NA;"hisbae#01";"amphitheater";"1st_century";133;106;NA;73;46;NA;30;NA;NA;NA;"spain";"37536739";"-5085562";110;"1988_saez";"hispania_baetica";1.58695652173913;1.25471698113208;2637.36703268863;11072.5433075772;8435.17627488859;186.924762888593;375.42032210398;0.238189814158037
"astigi";NA;"ASTIGI";"hispb#01";NA;"hisbae#01";"amphitheater";"1st_century";130;107;NA;70.91;47.56;NA;NA;NA;8281;22293;"spain";"37536739";"-5085562";110;"2015_jimenez";"hispania_baetica";1.49095878889823;1.21495327102804;2648.73928393536;10924.8884528585;8276.14916892314;186.092240835391;372.27872945039;0.242450007189073
"astigi";NA;"ASTIGI";"hispb#01";NA;"hisbae#01";"amphitheater";"1st_century";130;107;10924.88;NA;NA;2643.88;NA;NA;8281;26618;"spain";"37536739";"-5085562";110;"2019_hackett";"hispania_baetica";NA;1.21495327102804;NA;10924.8884528585;NA;NA;372.27872945039;NA
"barcino";NA;"BARCINO";"hispt#01";NA;"histar#01";"amphitheater";"undated";117;93;NA;60;35;NA;NA;NA;NA;NA;"spain";"4.138.194";"2.174.176";29;"2011_amphitheatrum_de";"hispania_tarraconensis";1.71428571428571;1.25806451612903;1649.33614313464;8545.91741592764;6896.58127279299;149.225651045515;329.867228626928;0.192996967190516
"barcino";NA;"BARCINO";"hispt#01";NA;"histar#01";"amphitheater";"undated";117;93;NA;65;40;NA;NA;NA;NA;NA;"spain";"4.138.194";"2.174.176";29;"2011_amphitheatrum_de";"hispania_tarraconensis";1.625;1.25806451612903;2042.03522483337;8545.91741592764;6503.88219109427;164.933614313464;329.867228626928;0.2389486260454
"barcino";NA;"BARCINO";"hispt#01";NA;"histar#01";"amphitheater";"undated";117;93;NA;65;35;NA;NA;NA;6759;NA;"spain";"4.138.194";"2.174.176";29;"2016_stelius";"hispania_tarraconensis";1.85714285714286;1.25806451612903;1786.78082172919;8545.91741592764;6759.13659419844;157.07963267949;329.867228626928;0.209080047789725
"barcino";NA;"BARCINO";"hispt#01";NA;"histar#01";"amphitheater";"undated";117;98;9005.37;NA;NA;1840.77;NA;NA;7164.6;23029;"spain";"4.138.194";"2.174.176";29;"2019_hackett";"hispania_tarraconensis";NA;1.19387755102041;NA;9005.37534151514;NA;NA;337.721210260903;NA
"bobadela";NA;"BOBADELA";"hispl#02";NA;"hislus#02";"amphitheater";"1st_century";NA;NA;NA;49.5;39.5;NA;NA;NA;NA;NA;"portugal";"40361088";"-7893572";375;"2002_garrido";"hispania_lusitania";1.25316455696203;NA;1535.64975898286;NA;NA;139.800873084746;NA;NA
"bobadela";NA;"BOBADELA";"hispl#02";NA;"hislus#02";"amphitheater";"1st_century";NA;NA;NA;NA;NA;NA;NA;NA;NA;1500;"portugal";"40361088";"-7893572";375;"2003_ceballos";"hispania_lusitania";NA;NA;NA;NA;NA;NA;NA;NA
"bobadela";NA;"BOBADELA";"hispl#02";NA;"hislus#02";"amphitheater";"1st_century";NA;NA;NA;NA;NA;NA;NA;NA;NA;2000;"portugal";"40361088";"-7893572";375;"2003_ceballos";"hispania_lusitania";NA;NA;NA;NA;NA;NA;NA;NA
"bobadela";NA;"BOBADELA";"hispl#02";NA;"hislus#02";"amphitheater";"1st_century";NA;NA;NA;NA;NA;1535.64;NA;NA;NA;NA;"portugal";"40361088";"-7893572";375;"2019_hackett";"hispania_lusitania";NA;NA;NA;NA;NA;NA;NA;NA
"bobadela";NA;"BOBADELA";"hispl#02";NA;"hislus#02";"amphitheater";"1st_century";NA;NA;NA;50;40;NA;NA;NA;NA;NA;"portugal";"40361088";"-7893572";375;"2020_wikipedia_pt";"hispania_lusitania";1.25;NA;1570.7963267949;NA;NA;141.371669411541;NA;NA
"bracara_augusta";NA;"BRACARA AUGUSTA";"hispt#02";NA;"histar#02";"amphitheater";"flavian";132.5;82.5;NA;NA;NA;NA;NA;NA;NA;NA;"portugal";"41.548.239";"-8.430.659";177;"2007_duran";"hispania_tarraconensis";NA;1.60606060606061;NA;8585.38367363836;NA;NA;337.721210260903;NA
"bracara_augusta";NA;"BRACARA AUGUSTA";"hispt#02";NA;"histar#02";"amphitheater";"flavian";132;83;NA;NA;NA;NA;NA;NA;NA;NA;"portugal";"41.548.239";"-8.430.659";177;"2016_stelius";"hispania_tarraconensis";NA;1.59036144578313;NA;8604.82227818244;NA;NA;337.721210260903;NA
"bracara_augusta";NA;"BRACARA AUGUSTA";"hispt#02";NA;"histar#02";"amphitheater";"flavian";132;82.5;8553;NA;NA;NA;NA;NA;NA;7250;"portugal";"41.548.239";"-8.430.659";177;"2019_hackett";"hispania_tarraconensis";NA;1.6;NA;8552.98599939821;NA;NA;336.935812097505;NA
"carthago_nova";NA;"CARTHAGO NOVA";"hispt#03";NA;"histar#03";"amphitheater";"augustan";96.6;77.8;NA;56.5;37;NA;NA;NA;NA;11000;"spain";"3.760.062";"-0.98015";22;"2002_garrido";"hispania_tarraconensis";1.52702702702703;1.24164524421594;1641.87486058237;5902.64418905025;4260.76932846789;146.869456555323;273.94687939303;0.278159212718283
"carthago_nova";NA;"CARTHAGO NOVA";"hispt#03";NA;"histar#03";"amphitheater";"augustan";96.6;77.8;NA;56.5;37;NA;NA;NA;NA;10000;"spain";"3.760.062";"-0.98015";22;"2002_garrido";"hispania_tarraconensis";1.52702702702703;1.24164524421594;1641.87486058237;5902.64418905025;4260.76932846789;146.869456555323;273.94687939303;0.278159212718283
"carthago_nova";NA;"CARTHAGO NOVA";"hispt#03";NA;"histar#03";"amphitheater";"augustan";NA;NA;NA;NA;NA;NA;NA;NA;NA;10000;"spain";"3.760.062";"-0.98015";22;"2003_ceballos";"hispania_tarraconensis";NA;NA;NA;NA;NA;NA;NA;NA
"carthago_nova";NA;"CARTHAGO NOVA";"hispt#03";NA;"histar#03";"amphitheater";"augustan";NA;NA;NA;NA;NA;NA;NA;NA;NA;11000;"spain";"3.760.062";"-0.98015";22;"2003_ceballos";"hispania_tarraconensis";NA;NA;NA;NA;NA;NA;NA;NA
"carthago_nova";NA;"CARTHAGO NOVA";"hispt#03";NA;"histar#03";"amphitheater";"augustan";NA;NA;NA;NA;NA;NA;NA;NA;NA;14500;"spain";"3.760.062";"-0.98015";22;"2019_hackett";"hispania_tarraconensis";NA;NA;NA;NA;NA;NA;NA;NA
"carthago_nova";NA;"CARTHAGO NOVA";"hispt#03";NA;"histar#03";"amphitheater";"augustan";NA;NA;NA;69;69;NA;NA;NA;NA;NA;"spain";"3.760.062";"-0.98015";22;"2016_sfsheath_com";"hispania_tarraconensis";1;NA;3739.28065593525;NA;NA;216.769893097696;NA;NA
"carthago_nova";NA;"CARTHAGO NOVA";"hispt#03";NA;"histar#03";"amphitheater";"augustan";NA;NA;NA;NA;NA;NA;NA;NA;NA;10000;"spain";"3.760.062";"-0.98015";22;"2020_wikipedia_es";"hispania_tarraconensis";NA;NA;NA;NA;NA;NA;NA;NA
"carthago_nova";NA;"CARTHAGO NOVA";"hispt#03";NA;"histar#03";"amphitheater";"augustan";NA;NA;NA;NA;NA;NA;NA;NA;NA;11000;"spain";"3.760.062";"-0.98015";22;"2020_wikipedia_es";"hispania_tarraconensis";NA;NA;NA;NA;NA;NA;NA;NA
"castulo";NA;"CASTULO";"hispt#04";NA;"histar#04";"amphitheater";"undated";NA;NA;NA;NA;NA;NA;NA;NA;NA;NA;"spain";"42.130.042";"3.117.431";27;"2019_hackett";"hispania_tarraconensis";NA;NA;NA;NA;NA;NA;NA;NA
"corduba";NA;"CORDUBA";"hispb#03";NA;"hisbae#03";"amphitheater";"julio_claudian";178;154;21529.33;NA;NA;5504.07;NA;NA;16025.26;51510;"spain";"37884183";"-4788888";117;"2019_hackett";"hispania_baetica";NA;1.15584415584416;NA;21529.3344550509;NA;NA;521.504380495906;NA
"corduba";NA;"CORDUBA";"hispb#03";NA;"hisbae#03";"amphitheater";"julio_claudian";178;154;NA;96;73;NA;NA;NA;NA;31867;"spain";"37884183";"-4788888";117;"2015_jimenez";"hispania_baetica";1.31506849315068;1.15584415584416;5504.07032908932;21529.3344550509;16025.2641259615;265.464579228338;521.504380495906;0.255654457901649
"corduba";NA;"CORDUBA";"hispb#03";NA;"hisbae#03";"amphitheater";"julio_claudian";NA;NA;NA;62;35;NA;NA;NA;NA;NA;"spain";"37884183";"-4788888";117;"2015_jones";"hispania_baetica";1.77142857142857;NA;1704.31401457246;NA;NA;152.367243699105;NA;NA
"corduba";NA;"CORDUBA";"hispb#03";NA;"hisbae#03";"amphitheater";"julio_claudian";178;147;NA;NA;NA;NA;NA;NA;NA;NA;"spain";"37884183";"-4788888";117;"2016_stelius";"hispania_baetica";NA;1.2108843537415;NA;20550.7283434576;NA;NA;510.508806208341;NA
"corduba";NA;"CORDUBA";"hispb#03";NA;"hisbae#03";"amphitheater";"julio_claudian";100;NA;NA;NA;NA;NA;NA;NA;NA;30000;"spain";"37884183";"-4788888";117;"2003_ceballos";"hispania_baetica";NA;NA;NA;NA;NA;NA;NA;NA
"corduba";NA;"CORDUBA";"hispb#03";NA;"hisbae#03";"amphitheater";"julio_claudian";NA;NA;NA;NA;NA;NA;NA;NA;NA;50000;"spain";"37884183";"-4788888";117;"2003_ceballos";"hispania_baetica";NA;NA;NA;NA;NA;NA;NA;NA
"corduba";NA;"CORDUBA";"hispb#03";NA;"hisbae#03";"amphitheater";"julio_claudian";178;140;NA;NA;NA;NA;NA;20;NA;30000;"spain";"37884183";"-4788888";117;"2020_wikipedia_es";"hispania_baetica";NA;1.27142857142857;NA;19572.1222318644;NA;NA;499.513231920777;NA
"corduba";NA;"CORDUBA";"hispb#03";NA;"hisbae#03";"amphitheater";"julio_claudian";178;140;NA;NA;NA;NA;NA;20;NA;50000;"spain";"37884183";"-4788888";117;"2020_wikipedia_es";"hispania_baetica";NA;1.27142857142857;NA;19572.1222318644;NA;NA;499.513231920777;NA
"deva_victrix";"phs_i";"DEVA 1";"brit#06";NA;"brit#06";"amphitheater";"flavian";88;76.5;NA;57.9;48.7;NA;NA;NA;NA;NA;"england";"53.189.079";"-2.886.928";21;"2008_wilmott";"britania";1.18891170431211;1.15032679738562;2214.61076327669;5287.30043599162;3072.68967271494;167.446888436336;258.39599575776;0.418854723707665
"deva_victrix";"phs_i";"DEVA 1";"brit#06";NA;"brit#06";"amphitheater";"flavian";88;76.5;5287.3;NA;NA;2214.61;NA;NA;3072.69;9877;"england";"53.189.079";"-2.886.928";21;"2019_hackett";"britania";NA;1.15032679738562;NA;5287.30043599162;NA;NA;258.39599575776;NA
"ebora";NA;"EBORA";"hispl#05";NA;"hislus#05";"amphitheater";"late_1st";80;65;NA;45;30;NA;NA;NA;NA;NA;"portugal";NA;NA;NA;"2002_garrido";"hispania_lusitania";1.5;1.23076923076923;1060.28752058656;4084.07044966673;3023.78292908018;117.809724509617;227.76546738526;0.259615384615385
"ebora";NA;"EBORA";"hispl#05";NA;"hislus#05";"amphitheater";"late_1st";80;65;4084.07;NA;NA;1060.28;NA;NA;3023.79;9719;"portugal";NA;NA;NA;"2019_hackett";"hispania_lusitania";NA;1.23076923076923;NA;4084.07044966673;NA;NA;227.76546738526;NA
"eboracum";NA;"EBORACUM";NA;NA;"brit#18";"amphitheater";"principate";NA;NA;NA;NA;NA;NA;NA;NA;NA;NA;"england";"53.958.333";"-1.080.278";13;"2016_sfsheath_com";"britania";NA;NA;NA;NA;NA;NA;NA;NA
"flavium_caparense";NA;"FLAVIUM CAPARENSE";"hispl#03";NA;"hislus#03";"amphitheater";"late_1st";NA;NA;NA;NA;NA;NA;NA;NA;NA;NA;"spain";"40164159";"-6100049";402;"2016_stelius";"hispania_lusitania";NA;NA;NA;NA;NA;NA;NA;NA
"flavium_caparense";NA;"FLAVIUM CAPARENSE";"hispl#03";NA;"hislus#03";"amphitheater";"late_1st";69;51;2763.81;NA;NA;1992.55;NA;NA;771.26;2479;"spain";"40164159";"-6100049";402;"2019_hackett";"hispania_lusitania";NA;1.35294117647059;NA;2763.81613699562;NA;NA;188.495559215388;NA
"frilford";NA;"FRILFORD";"brit#10";NA;"brit#10";"amphitheater";"undated";NA;NA;NA;NA;NA;NA;NA;NA;NA;NA;"england";"559.365";"-30.546";24;"2019_hackett";"britania";NA;NA;NA;NA;NA;NA;NA;NA
"gades";NA;"GADES";"hispb#04";NA;"hisbae#04";"amphitheater";"augustan";NA;NA;NA;NA;NA;NA;NA;NA;NA;NA;"spain";NA;NA;NA;"2019_hackett";"hispania_baetica";NA;NA;NA;NA;NA;NA;NA;NA
"hispalis";NA;"HISPALIS";"hispb#05";NA;"hisbae#05";"amphitheater";"undated";NA;NA;NA;NA;NA;NA;NA;NA;NA;NA;"spain";NA;NA;NA;"2019_hackett";"hispania_baetica";NA;NA;NA;NA;NA;NA;NA;NA
"inveresk";NA;"INVERESK";"brit#11";NA;"brit#11";"amphitheater";"antonine";NA;NA;NA;31;22;NA;NA;NA;NA;NA;"scotland";"559.365";"-30.546";24;"2008_wilmott";"britania";1.40909090909091;NA;535.64154743706;NA;NA;83.2522053201295;NA;NA
"inveresk";NA;"INVERESK";"brit#11";NA;"brit#11";"amphitheater";"antonine";NA;NA;NA;31;22;NA;NA;NA;NA;NA;"scotland";"559.365";"-30.546";24;"2011_amphitheatrum_de";"britania";1.40909090909091;NA;535.64154743706;NA;NA;83.2522053201295;NA;NA
"inveresk";NA;"INVERESK";"brit#11";NA;"brit#11";"amphitheater";"antonine";NA;NA;NA;NA;NA;535.64;NA;NA;NA;NA;"scotland";"559.365";"-30.546";24;"2019_hackett";"britania";NA;NA;NA;NA;NA;NA;NA;NA
"inveresk";NA;"INVERESK";"brit#11";NA;"brit#11";"amphitheater";"antonine";NA;NA;NA;35;NA;NA;NA;NA;NA;1400;"scotland";"559.365";"-30.546";24;"2007_neighbour";"britania";NA;NA;NA;NA;NA;NA;NA;NA
"inveresk";NA;"INVERESK";"brit#11";NA;"brit#11";"amphitheater";"antonine";NA;NA;NA;35;NA;NA;NA;NA;NA;2800;"scotland";"559.365";"-30.546";24;"2007_neighbour";"britania";NA;NA;NA;NA;NA;NA;NA;NA
"iulia_ugultunia";NA;"IULIA UGULTUNIA";"hispb#08";NA;"hisbae#08";"amphitheater";"trajanic";72;65;3675.66;NA;NA;NA;NA;NA;NA;NA;"spain";NA;NA;NA;"2019_hackett";"hispania_baetica";NA;1.10769230769231;NA;3675.66340470006;NA;NA;215.199096770901;NA
"iulia_virtus";NA;"IULIA VIRTUS";"hispb#07";NA;"hisbae#07";"amphitheater";"flavian";NA;NA;NA;69;61;NA;NA;NA;NA;NA;"spain";"37752468";"-43806";506;"2016_sfsheath_com";"hispania_baetica";1.13114754098361;NA;3305.74086973986;NA;NA;204.203522483337;NA;NA
"legio";NA;"LEGIO";"hispt#05";NA;"histar#06";"amphitheater";"flavian";90;70;NA;60;40;NA;NA;NA;3063;NA;"spain";"42.596.758";"-5.569.617";847;"2016_stelius";"hispania_tarraconensis";1.5;1.28571428571429;1884.95559215388;4948.00842940392;3063.05283725005;157.07963267949;251.327412287183;0.380952380952381
"legio";NA;"LEGIO";"hispt#06";NA;"histar#06";"amphitheater";"flavian";90;70;4948;NA;NA;1184.95;NA;NA;3763.05;12096;"spain";"42.596.758";"-5.569.617";847;"2019_hackett";"hispania_tarraconensis";NA;1.28571428571429;NA;4948.00842940392;NA;NA;251.327412287183;NA
"londinium";NA;"LONDINIUM";"brit#12";NA;"brit#12";"amphitheater";"flavian";NA;NA;NA;NA;NA;NA;NA;NA;NA;NA;"england";"51.515.522";"-0.092136";14;"2016_stelius";"britania";NA;NA;NA;NA;NA;NA;NA;NA
"londinium";NA;"LONDINIUM";"brit#12";NA;"brit#12";"amphitheater";"flavian";NA;NA;7133;NA;NA;2190;NA;NA;4943;15888;"england";"51.515.522";"-0.092136";14;"2019_hackett";"britania";NA;NA;NA;NA;NA;NA;NA;NA
"londinium";NA;"LONDINIUM";"brit#12";NA;"brit#12";"amphitheater";"flavian";100;85;NA;60;40;NA;NA;NA;NA;6500;"england";"51.515.522";"-0.092136";14;"2016_sfsheath_com";"britania";1.5;1.17647058823529;1884.95559215388;6675.88438887831;4790.92879672443;157.07963267949;290.597320457056;0.282352941176471
"rutupiae";NA;"RUTUPIAE";"brit#14";NA;"brit#14";"amphitheater";"principate";62;50;NA;NA;NA;NA;NA;NA;NA;NA;"england";"51.29";"1.326.944";17;"2008_wilmott";"britania";NA;1.24;NA;2434.73430653209;NA;NA;175.929188601028;NA
"rutupiae";NA;"RUTUPIAE";"brit#14";NA;"brit#14";"amphitheater";"principate";62;50;2434.73;NA;NA;NA;NA;NA;2434.73;7826;"england";"51.29";"1.326.944";17;"2019_hackett";"britania";NA;1.24;NA;2434.73430653209;NA;NA;175.929188601028;NA
"sisapo";NA;"SISAPO";"hispb#08";NA;"hisbae#09";"amphitheater";"undated";NA;NA;NA;65;55;NA;NA;NA;NA;NA;"spain";"38645833";"-4516667";665;"2007_duran";"hispania_baetica";1.18181818181818;NA;2807.79843414588;NA;NA;188.495559215388;NA;NA
"trimontium";NA;"TRIMONTIUM";"brit#13";NA;"brit#13";"amphitheater";"flavian";NA;NA;NA;37;30;NA;NA;NA;NA;NA;"scotland";"55.602.889";"-2.682.222";114;"2008_wilmott";"britania";1.23333333333333;NA;871.791961371168;NA;NA;105.243353895258;NA;NA
"trimontium";NA;"TRIMONTIUM";"brit#13";NA;"brit#13";"amphitheater";"flavian";NA;NA;NA;37;23;NA;NA;NA;NA;NA;"scotland";"55.602.889";"-2.682.222";114;"2009_sommer";"britania";1.60869565217391;NA;668.373837051229;NA;NA;94.2477796076938;NA;NA
"trimontium";NA;"TRIMONTIUM";"brit#13";NA;"brit#13";"amphitheater";"flavian";70;60;3298.67;NA;NA;871.79;NA;NA;2426.88;7801;"scotland";"55.602.889";"-2.682.222";114;"2019_hackett";"britania";NA;1.16666666666667;NA;3298.67228626928;NA;NA;204.203522483337;NA
"trimontium";NA;"TRIMONTIUM";"brit#13";NA;"brit#13";"amphitheater";"flavian";70;60;NA;37;23;NA;NA;NA;NA;1500;"scotland";"55.602.889";"-2.682.222";114;"2016_sfsheath_com";"britania";1.60869565217391;1.16666666666667;668.373837051229;3298.67228626928;2630.29844921805;94.2477796076938;204.203522483337;0.202619047619048
"trimontium";NA;"TRIMONTIUM";"brit#13";NA;"brit#13";"amphitheater";"flavian";70;60;NA;37;23;NA;NA;NA;NA;NA;"scotland";"55.602.889";"-2.682.222";114;"2011_amphitheatrum_de";"britania";1.60869565217391;1.16666666666667;668.373837051229;3298.67228626928;2630.29844921805;94.2477796076938;204.203522483337;0.202619047619048
"vergis";NA;"VERGIS";NA;NA;"hisbae#11";"amphitheater";"augustan";NA;NA;NA;NA;NA;NA;NA;NA;NA;NA;"spain";NA;NA;NA;"2003_ceballos";"hispania_baetica";NA;NA;NA;NA;NA;NA;NA;NA
